{
  "num_trades": 443,
  "win_rate": 0.0,
  "avg_trade": -0.0021474943108673776,
  "avg_duration": 36.932279909706544,
  "max_drawdown": -0.961349979534134,
  "sharpe": -10196.520495011702,
  "largest_win": -4.999999873689376e-05,
  "largest_loss": -0.6381599857122637,
  "final_equity": -0.961349979534134
}